评论,标题,作者,时间
3,双11血拼买房？阿里上万套房特价卖 京东5折卖！马云：房价会如大葱一样,东方财富资讯君,10-28 15:30
16,财通证券与蚂蚁金服合作涉及财富管理 前三季度业绩双增,东方财富资讯君,10-25 11:16
76,双11快抢房！阿里上万套房特价卖 京东也5折卖！马云：房价会如大葱一样,东方财富资讯君,10-24 22:52
0,阿里巴巴董事局主席张勇谈可持续发展：过程可参与、结果更普惠,东方财富资讯君,10-24 17:11
0,这个行业的“老二”被阿里收购！,严为民,10-24 16:53
0,今年“双十一”迎来6个本地版支付宝,中国科技新闻网,10-24 16:46
1,网贷公司假冒花呗做广告 支付宝：误导公众 已起诉,东方财富资讯君,10-24 16:37
3,天猫双11现全球“镇店之宝”：限量供应 部分只此一件,东方财富资讯君,10-24 15:52
0,阿里旗下短视频产品在印度崛起 VMate宣布月活用户达5000万,东方财富资讯君,10-24 15:01
0,被非法网贷冒用名义推广 支付宝：全力打击绝不会变,东方财富资讯君,10-24 13:40
0,支付宝声明打击非法网贷 已清理三十多家违规商户,东方财富资讯君,10-24 13:39
0,支付宝全力打击非法网贷公司 配合公安机关清理假冒租赁商户,东方财富资讯君,10-24 13:39
1,高利贷“变装”手机租赁，还打着花呗旗号？支付宝：死开！,移动支付网,10-24 11:46
0,炒鸡劲爆！2019年最大瓜！俞渝大曝李国庆黑暗史：同性恋、梅毒！,萝卜投研,10-24 11:08
1,双11血拼买房？阿里上万套房特价卖，京东5折卖！马云：房价会如大葱一样,财经集团,10-24 10:55
0,支付宝：将联手司法机关打击非法网贷公司,东方财富资讯君,10-24 10:52
0,投资界24h|李国庆俞渝深夜互撕；软银95亿美元救助WeWork；阿里腾讯打响“新支付大战”,投资界,10-24 09:49
0,中国互联网发展报告2019：中国网民规模达8.54亿新京报102307:07关注,AMAYA,10-24 08:41
0,支付宝：一些非法网贷冒用其名义推广 将联手司法机关打击,阿里巴巴资讯,10-23 22:52
0,阿里是美国企业肯定市值超苹果,半升米个命,10-23 22:25
0,WeWork上市夭折记：阿里成孙正义最后绝唱？,富途证券,10-23 20:15
0,支付宝微信关闭三星支付功能，业内专家：一周内指纹漏洞难解,财联社,10-23 19:56
0,品牌力大爆发！天猫双11预售首日成交同比翻一倍,东方财富资讯君,10-23 18:21
0,市场监管总局：天猫阿一波售海带结铅超标,东方财富资讯君,10-23 15:17
0,双十一，念阿里,河马财经,10-23 13:42
0,北京阿里音乐发生工商变更：高晓松正式卸任董事长,阿里巴巴资讯,10-23 13:29
0,阿里巴巴的双十一,股友M0083760X2,10-23 13:28
0,高晓松卸任北京阿里音乐董事长 官方回应属正常调整,阿里巴巴资讯,10-23 13:28
3,微信支付支持手机号转账！收款将存入零钱 比支付宝晚了7年,东方财富资讯君,10-23 13:27
0,支付大战再启？银联支付宝微信加速布局刷脸支付,东方财富资讯君,10-23 13:01
0,新一轮支付大战开启？银联、支付宝、微信支付加速布局“刷脸支付”,东方财富资讯君,10-23 11:45
49,京东诉天猫“二选一” 背后是否涉嫌垄断竞争？,阿里巴巴资讯,10-23 07:36
0,京东天猫“二选一”的背后，是电商平台流量见顶的焦虑,于见专栏,10-23 07:34
0,喜提新纪录！阿里巴巴天猫双11预售首日2小时内成交额超去年全天美股研究社1022,AMAYA,10-22 23:33
0,淘宝普通 小二年薪 几百万 还摆官威 那还是做服务行业的 普通小商家 己经挤压的,切割主力,10-22 23:21
1,请问这个股价是人民币还是美元，是十股的价格吗？,多维999,10-22 21:56
0,两次跳开多，这不是一个好事情呀[滴汗],社会阿金,10-22 21:42
0,北京垃圾分类倒计时 上支付宝识别垃圾人数翻倍,东方财富资讯君,10-22 20:59
2,北京垃圾分类倒计时 上支付宝识别垃圾人数翻倍,贝壳财经,10-22 20:52
0,华为、阿里、腾讯、海康威视……中国科技巨头们的海外势力版图全解！（附详细数据）,东方财富证券,10-22 20:03
0,蒋凡：天猫旗舰店2.0将助力1万个品牌加速数字化升级,东方财富资讯君,10-22 19:56
0,天猫双11来了！辣妈萌娃剁手忙，考拉预售首日300万片乐高被抢光,速途网,10-22 19:55
1,一文看懂电商二选一：阿里京东拼多多各执一词为哪般,经济观察报,10-22 18:39
0,华为、阿里、腾讯、海康威视……中国科技巨头们的海外势力版图全解！（附详细数据）,Choice数据,10-22 18:39
6,胡润全球独角兽榜首次发布 蚂蚁金服、苏宁金融等入选,东方财富资讯君,10-22 18:39
0,如果再给你一次投资阿里巴巴的机会，你会抓住吗？,大匡资本,10-22 17:31
0,100万款新品首发 天猫双11成品牌发布新品舞台,东方财富资讯君,10-22 16:51
0,超图软件与阿里&华为更深入合作，已有项目对接华为“鲲鹏计划”,可来股票,10-22 16:24
0,浙江+阿里：如何打通政府数字化转型的技术通路,阿里巴巴资讯,10-22 16:21
0,既要新增1亿新客又要给用户节省500亿 天猫第11个双十一的愿望将如何实现？,经济观察报,10-22 16:08
5,2019天猫双11启动 要为用户节省500亿元,东方财富资讯君,10-22 15:44
61,金字火腿：植物肉产品在天猫旗舰店销售额14.26万元,金字火腿资讯,10-22 13:33
1,互联网企业只会“撒钱”？阿里腾讯土巴兔等践行社会责任,孟永辉,10-22 11:47
0,世界互联网大会：阿里平头哥展示首款自研AI芯片含光太平洋电脑网2019-10-1,AMAYA,10-22 10:40
6,双十一大战前瞻：拼多多京东苏宁纷纷放大招，谁能挑战阿里C位？,美股研究社,10-22 10:19
0,盘中提示：壹网壹创，完美对标阿里巴巴！电商总龙头！,海哥说股888,10-22 10:01
1,蚂蚁金服“相互宝”发展迅猛 网络互助平台关键还是保险,东方财富资讯君,10-22 09:46
4,贵州茅台与阿里巴巴座谈：希望在多个领域开展更深入交流合作,贵州茅台资讯,10-22 06:47
1,“双11”大战已打响 你的钱包准备好了吗？,东方财富资讯君,10-22 02:24
0,蚂蚁金服“相互宝”发展迅猛网络互助平台这盘棋的关键还是保险,慧择资讯,10-22 02:20
0,蒋凡：天猫旗舰店2.0将助力1万个品牌加速数字化升级,锌财经,10-21 22:54
0,热门中概股多数上涨 阿里巴巴涨近2%,东方财富资讯君,10-21 22:54
0,一线｜阿里巴巴称其AI每天调用超1万亿次服务10亿人腾讯新闻《一线》092610,AMAYA,10-21 22:48
0,"10月20-22日,第六届世界互联网大会即将在桐乡乌镇开幕。日前(10月9日),",AMAYA,10-21 22:48
3,中国独角兽企业首次超过美国！前三都在中国 蚂蚁金服估值排第一（附详细榜单）,东方财富资讯君,10-21 22:16
0,2020年阿里巴巴要创新高,岁月如梭zuoaisi,10-21 22:06
0,2020年阿里巴巴要创新高,岁月如梭zuoaisi,10-21 22:06
0,中国互联网发展报告2019：中国网民规模达8.54亿新京报102120:38关注,AMAYA,10-21 20:48
0,数字时代的抉择：美国百年消费巨头为何投奔阿里？,财经集团,10-21 20:36
0,1、阿里含光800芯片可在及其短的时间内将淘宝大数据库的购买信息进行按产品类别即,AMAYA,10-21 20:30
5,财通证券与蚂蚁金服合作涉及财富管理 前三季度业绩双增,贝壳财经,10-21 18:26
0,2019天猫双十一启动：饿了么口碑联手推上亿元红包,东方财富资讯君,10-21 18:07
0,淘宝天猫总裁：双11是商业奥运会 商业合作双向选择是常识,东方财富资讯君,10-21 17:54
0,今年天猫双11预计参与用户增1亿 号称要为用户省500亿,东方财富资讯君,10-21 17:04
0,年收入超BAT总和，曾独霸中国，“困境”中的全球第一如何破局？,知料财经,10-21 15:46
0,阿里巴巴：双11预售已有商家销售额超过去年双11当天,贝壳财经,10-21 15:40
1,2QFY20E Preview: Solid results with strong core commerce,阿里巴巴资讯,10-21 15:33
0,直击乌镇｜阿里巴巴张建锋：工业互联网最主要解决的还是需求问题,中国经营报,10-21 15:23
35,又一巨无霸将回归A股！资产超10万亿 拥有4万个网点 蚂蚁金服、腾讯皆为股东,邮储银行资讯,10-21 14:45
1,围观获得阿里投资的“美凯龙”,四维投研DWW,10-21 10:56
